{"ColorSettings":{"CommentBackground":{"A":255,"B":211,"G":211,"R":211,"ScA":1,"ScB":0.651405632,"ScG":0.651405632,"ScR":0.651405632},"CommentForeground":{"A":255,"B":0,"G":0,"R":0,"ScA":1,"ScB":0,"ScG":0,"ScR":0},"CommentIsBold":false,"DataTypesBackground":{"A":0,"B":255,"G":255,"R":255,"ScA":0,"ScB":1,"ScG":1,"ScR":1},"DataTypesForeground":{"A":255,"B":205,"G":250,"R":255,"ScA":1,"ScB":0.610495567,"ScG":0.9559733,"ScR":1},"DataTypesIsBold":false,"DefinitionArgumentsBackground":{"A":0,"B":255,"G":255,"R":255,"ScA":0,"ScB":1,"ScG":1,"ScR":1},"DefinitionArgumentsForeground":{"A":255,"B":63,"G":133,"R":205,"ScA":1,"ScB":0.0497065671,"ScG":0.23455058,"ScR":0.610495567},"DefinitionArgumentsIsBold":true,"DefinitionBackground":{"A":0,"B":255,"G":255,"R":255,"ScA":0,"ScB":1,"ScG":1,"ScR":1},"DefinitionForeground":{"A":255,"B":0,"G":0,"R":255,"ScA":1,"ScB":0,"ScG":0,"ScR":1},"DefinitionIsBold":false,"DefinitionLocalVarsBackground":{"A":0,"B":255,"G":255,"R":255,"ScA":0,"ScB":1,"ScG":1,"ScR":1},"DefinitionLocalVarsForeground":{"A":255,"B":96,"G":164,"R":244,"ScA":1,"ScB":0.116970666,"ScG":0.3712377,"ScR":0.9046612},"DefinitionLocalVarsIsBold":true,"EditorBackground":{"A":255,"B":0,"G":0,"R":0,"ScA":1,"ScB":0,"ScG":0,"ScR":0},"FunctionBackground":{"A":0,"B":255,"G":255,"R":255,"ScA":0,"ScB":1,"ScG":1,"ScR":1},"FunctionForeground":{"A":255,"B":255,"G":0,"R":0,"ScA":1,"ScB":1,"ScG":0,"ScR":0},"FunctionIsBold":true,"GlobalVarBackground":{"A":0,"B":255,"G":255,"R":255,"ScA":0,"ScB":1,"ScG":1,"ScR":1},"GlobalVarForeground":{"A":255,"B":255,"G":255,"R":255,"ScA":1,"ScB":1,"ScG":1,"ScR":1},"GlobalVarIsBold":true,"InternedDefinitionBackground":{"A":0,"B":255,"G":255,"R":255,"ScA":0,"ScB":1,"ScG":1,"ScR":1},"InternedDefinitionForeground":{"A":255,"B":255,"G":0,"R":255,"ScA":1,"ScB":1,"ScG":0,"ScR":1},"InternedDefinitionIsBold":false,"InternedGlobalVarBackground":{"A":0,"B":255,"G":255,"R":255,"ScA":0,"ScB":1,"ScG":1,"ScR":1},"InternedGlobalVarForeground":{"A":255,"B":105,"G":105,"R":105,"ScA":1,"ScB":0.141263291,"ScG":0.141263291,"ScR":0.141263291},"InternedGlobalVarIsBold":true,"LocalFunctionBackground":{"A":0,"B":255,"G":255,"R":255,"ScA":0,"ScB":1,"ScG":1,"ScR":1},"LocalFunctionForeground":{"A":255,"B":0,"G":165,"R":255,"ScA":1,"ScB":0,"ScG":0.376262128,"ScR":1},"LocalFunctionIsBold":true,"LocalizedDefinitionBackground":{"A":0,"B":255,"G":255,"R":255,"ScA":0,"ScB":1,"ScG":1,"ScR":1},"LocalizedDefinitionForeground":{"A":255,"B":147,"G":20,"R":255,"ScA":1,"ScB":0.291770637,"ScG":0.00699541,"ScR":1},"LocalizedDefinitionIsBold":false,"LocalizedFunctionBackground":{"A":0,"B":255,"G":255,"R":255,"ScA":0,"ScB":1,"ScG":1,"ScR":1},"LocalizedFunctionForeground":{"A":255,"B":147,"G":20,"R":255,"ScA":1,"ScB":0.291770637,"ScG":0.00699541,"ScR":1},"LocalizedFunctionIsBold":true,"LocalizedVarBackground":{"A":0,"B":255,"G":255,"R":255,"ScA":0,"ScB":1,"ScG":1,"ScR":1},"LocalizedVarForeground":{"A":255,"B":255,"G":191,"R":0,"ScA":1,"ScB":1,"ScG":0.520995557,"ScR":0},"LocalizedVarIsBold":false,"NumberBackground":{"A":0,"B":255,"G":255,"R":255,"ScA":0,"ScB":1,"ScG":1,"ScR":1},"NumberForeground":{"A":255,"B":203,"G":192,"R":255,"ScA":1,"ScB":0.597201765,"ScG":0.5271151,"ScR":1},"NumberIsBold":false,"StringBackground":{"A":0,"B":255,"G":255,"R":255,"ScA":0,"ScB":1,"ScG":1,"ScR":1},"StringForeground":{"A":255,"B":50,"G":205,"R":50,"ScA":1,"ScB":0.0318960324,"ScG":0.610495567,"ScR":0.0318960324},"StringIsBold":false,"SymbolBackground":{"A":0,"B":255,"G":255,"R":255,"ScA":0,"ScB":1,"ScG":1,"ScR":1},"SymbolForeground":{"A":255,"B":205,"G":250,"R":255,"ScA":1,"ScB":0.610495567,"ScG":0.9559733,"ScR":1},"SymbolIsBold":false,"SyntaxSymbolsBackground":{"A":0,"B":255,"G":255,"R":255,"ScA":0,"ScB":1,"ScG":1,"ScR":1},"SyntaxSymbolsForeground":{"A":255,"B":0,"G":255,"R":255,"ScA":1,"ScB":0,"ScG":1,"ScR":1},"SyntaxSymbolsIsBold":false,"VarOrConstBackground":{"A":0,"B":255,"G":255,"R":255,"ScA":0,"ScB":1,"ScG":1,"ScR":1},"VarOrConstForeground":{"A":255,"B":128,"G":0,"R":128,"ScA":1,"ScB":0.2158605,"ScG":0,"ScR":0.2158605},"VarOrConstIsBold":true,"WhiteSpaceBackground":{"A":0,"B":255,"G":255,"R":255,"ScA":0,"ScB":1,"ScG":1,"ScR":1}},"SearchPaths":[{"_dir":"Z:\\K\\Lee-Mac","_enable":false},{"_dir":"Z:\\K\\Lisp Routines","_enable":true},{"_dir":"Z:\\K\\Lee-Mac\\General","_enable":false},{"_dir":"Z:\\K\\Lee-Mac\\Math","_enable":false},{"_dir":"Z:\\K\\Lee-Mac\\Novelty","_enable":false},{"_dir":"Z:\\K\\Lee-Mac\\Subfunctions","_enable":true},{"_dir":"Z:\\K\\Lee-Mac\\Utility","_enable":false},{"_dir":"Z:\\K\\Common Lisp","_enable":false}],"_click":false,"_ignore":false,"_include":true}